,Optimized_gpt-3.5-turbo Google_UX Score
0,79.418
1,82.321
2,82.433
3,82.867
4,83.185
5,86.02
6,85.715
7,78.126
8,79.175
9,84.144
10,79.143
11,79.848
12,75.763
13,80.322
14,77.635
15,77.416
16,78.633
17,83.981
18,77.491
19,81.32
20,79.137
21,78.321
22,80.033
23,76.312
24,76.919
25,80.85
26,77.964
27,78.627
28,80.38
29,84.354
30,76.132
31,80.179
32,82.434
33,78.981
34,85.877
35,79.67
36,78.131
37,79.236
38,84.18
39,79.543
40,88.313
41,78.983
42,76.455
43,82.402
44,79.082
45,80.897
46,76.97
47,81.039
48,81.636
49,82.436
50,80.249
